,Supplier_Lead_Time,Inventory_Levels,Order_Frequency,Delivery_Performance,Cost_Per_Unit
Supplier_Lead_Time,1.0,0.0738474513180113,-0.8235404081110491,-0.8772847663337344,0.9553672009187584
Inventory_Levels,0.0738474513180113,1.0,-0.06129105287954251,-0.10219453018776489,0.09320363781204108
Order_Frequency,-0.8235404081110491,-0.06129105287954251,1.0,0.7387570703963412,-0.7335442094184901
Delivery_Performance,-0.8772847663337344,-0.10219453018776489,0.7387570703963412,1.0,-0.9008106342817785
Cost_Per_Unit,0.9553672009187584,0.09320363781204108,-0.7335442094184901,-0.9008106342817785,1.0
